'Hónap, Profit, Manuál, Robot, Átlag profit, Átlag Manuál, Átlag Robot
19 márc,-11146.89,-4467.12,0,-5573.445,-2233.56,0
19 ápr,181303.85,168823.73,3749.09,56718.986666667,54785.536666667,1249.6966666667
19 máj,-280752.09,-257264.37,-25142.87,-27648.7825,-23226.94,-5348.445
19 júni,204975.63,182598.81,18898.75,18876.1,17938.21,-499.006
