'Hónap, Profit, Manuál, Robot, Átlag profit, Átlag Manuál, Átlag Robot
19 márc,-11146.89,-4467.12,0,-11146.89,-4467.12,0
19 ápr,181303.85,168823.73,3749.09,85078.48,82178.305,1874.545
19 máj,-280752.09,-257264.37,-25142.87,-36865.043333333,-30969.253333333,-7131.26
19 júni,-3805.47,-10427.67,5824.38,-28600.15,-25833.8575,-3892.35
